
 ### COMMENT from CHECK_INPUT:
 ### Field solve type:

 OPTION = ss              

 ### COMMENT from GENMESH:
 ### Mesh information for coordinate r:

 Number of mesh segments =            1

 Segment      xi0       xi1               r0               r1            ratio
    1    0.000000  1.000000       1.00000000       2.50000000       2.50000000

 Mesh-point locations:
      i                 r                dr             ratio
      1        1.00000000
      2        1.00537281        0.00537281
      3        1.01077448        0.00540167        1.00537281
      4        1.01620518        0.00543070        1.00537281
      5        1.02166505        0.00545987        1.00537281
      6        1.02715426        0.00548921        1.00537281
      7        1.03267296        0.00551870        1.00537281
      8        1.03822132        0.00554835        1.00537281
      9        1.04379948        0.00557816        1.00537281
     10        1.04940761        0.00560813        1.00537281
     11        1.05504588        0.00563826        1.00537281
     12        1.06071444        0.00566856        1.00537281
     13        1.06641345        0.00569901        1.00537281
     14        1.07214309        0.00572963        1.00537281
     15        1.07790350        0.00576042        1.00537281
     16        1.08369487        0.00579137        1.00537281
     17        1.08951736        0.00582248        1.00537281
     18        1.09537112        0.00585377        1.00537281
     19        1.10125634        0.00588522        1.00537281
     20        1.10717318        0.00591684        1.00537281
     21        1.11312181        0.00594863        1.00537281
     22        1.11910240        0.00598059        1.00537281
     23        1.12511512        0.00601272        1.00537281
     24        1.13116014        0.00604503        1.00537281
     25        1.13723765        0.00607751        1.00537281
     26        1.14334781        0.00611016        1.00537281
     27        1.14949080        0.00614299        1.00537281
     28        1.15566679        0.00617599        1.00537281
     29        1.16187596        0.00620918        1.00537281
     30        1.16811850        0.00624254        1.00537281
     31        1.17439458        0.00627608        1.00537281
     32        1.18070437        0.00630980        1.00537281
     33        1.18704807        0.00634370        1.00537281
     34        1.19342585        0.00637778        1.00537281
     35        1.19983790        0.00641205        1.00537281
     36        1.20628439        0.00644650        1.00537281
     37        1.21276553        0.00648113        1.00537281
     38        1.21928148        0.00651596        1.00537281
     39        1.22583245        0.00655096        1.00537281
     40        1.23241861        0.00658616        1.00537281
     41        1.23904016        0.00662155        1.00537281
     42        1.24569728        0.00665712        1.00537281
     43        1.25239017        0.00669289        1.00537281
     44        1.25911902        0.00672885        1.00537281
     45        1.26588403        0.00676500        1.00537281
     46        1.27268538        0.00680135        1.00537281
     47        1.27952327        0.00683789        1.00537281
     48        1.28639790        0.00687463        1.00537281
     49        1.29330947        0.00691157        1.00537281
     50        1.30025818        0.00694870        1.00537281
     51        1.30724421        0.00698604        1.00537281
     52        1.31426778        0.00702357        1.00537281
     53        1.32132909        0.00706131        1.00537281
     54        1.32842834        0.00709925        1.00537281
     55        1.33556573        0.00713739        1.00537281
     56        1.34274146        0.00717574        1.00537281
     57        1.34995576        0.00721429        1.00537281
     58        1.35720881        0.00725305        1.00537281
     59        1.36450083        0.00729202        1.00537281
     60        1.37183203        0.00733120        1.00537281
     61        1.37920262        0.00737059        1.00537281
     62        1.38661281        0.00741019        1.00537281
     63        1.39406281        0.00745000        1.00537281
     64        1.40155284        0.00749003        1.00537281
     65        1.40908312        0.00753027        1.00537281
     66        1.41665385        0.00757073        1.00537281
     67        1.42426526        0.00761141        1.00537281
     68        1.43191756        0.00765230        1.00537281
     69        1.43961098        0.00769342        1.00537281
     70        1.44734573        0.00773475        1.00537281
     71        1.45512204        0.00777631        1.00537281
     72        1.46294013        0.00781809        1.00537281
     73        1.47080023        0.00786010        1.00537281
     74        1.47870255        0.00790233        1.00537281
     75        1.48664734        0.00794478        1.00537281
     76        1.49463481        0.00798747        1.00537281
     77        1.50266519        0.00803038        1.00537281
     78        1.51073872        0.00807353        1.00537281
     79        1.51885563        0.00811691        1.00537281
     80        1.52701615        0.00816052        1.00537281
     81        1.53522051        0.00820436        1.00537281
     82        1.54346896        0.00824844        1.00537281
     83        1.55176172        0.00829276        1.00537281
     84        1.56009903        0.00833732        1.00537281
     85        1.56848115        0.00838211        1.00537281
     86        1.57690829        0.00842715        1.00537281
     87        1.58538072        0.00847242        1.00537281
     88        1.59389866        0.00851795        1.00537281
     89        1.60246237        0.00856371        1.00537281
     90        1.61107209        0.00860972        1.00537281
     91        1.61972807        0.00865598        1.00537281
     92        1.62843056        0.00870249        1.00537281
     93        1.63717981        0.00874924        1.00537281
     94        1.64597606        0.00879625        1.00537281
     95        1.65481957        0.00884351        1.00537281
     96        1.66371060        0.00889103        1.00537281
     97        1.67264939        0.00893880        1.00537281
     98        1.68163622        0.00898682        1.00537281
     99        1.69067132        0.00903511        1.00537281
    100        1.69975497        0.00908365        1.00537281
    101        1.70888743        0.00913246        1.00537281
    102        1.71806895        0.00918152        1.00537281
    103        1.72729981        0.00923085        1.00537281
    104        1.73658026        0.00928045        1.00537281
    105        1.74591057        0.00933031        1.00537281
    106        1.75529101        0.00938044        1.00537281
    107        1.76472185        0.00943084        1.00537281
    108        1.77420336        0.00948151        1.00537281
    109        1.78373581        0.00953245        1.00537281
    110        1.79331948        0.00958367        1.00537281
    111        1.80295464        0.00963516        1.00537281
    112        1.81264157        0.00968693        1.00537281
    113        1.82238054        0.00973897        1.00537281
    114        1.83217184        0.00979130        1.00537281
    115        1.84201575        0.00984391        1.00537281
    116        1.85191255        0.00989680        1.00537281
    117        1.86186251        0.00994997        1.00537281
    118        1.87186594        0.01000343        1.00537281
    119        1.88192312        0.01005718        1.00537281
    120        1.89203433        0.01011121        1.00537281
    121        1.90219986        0.01016554        1.00537281
    122        1.91242002        0.01022015        1.00537281
    123        1.92269508        0.01027506        1.00537281
    124        1.93302535        0.01033027        1.00537281
    125        1.94341113        0.01038577        1.00537281
    126        1.95385270        0.01044157        1.00537281
    127        1.96435037        0.01049767        1.00537281
    128        1.97490445        0.01055408        1.00537281
    129        1.98551523        0.01061078        1.00537281
    130        1.99618302        0.01066779        1.00537281
    131        2.00690813        0.01072511        1.00537281
    132        2.01769086        0.01078273        1.00537281
    133        2.02853152        0.01084066        1.00537281
    134        2.03943043        0.01089891        1.00537281
    135        2.05038790        0.01095747        1.00537281
    136        2.06140424        0.01101634        1.00537281
    137        2.07247977        0.01107553        1.00537281
    138        2.08361480        0.01113503        1.00537281
    139        2.09480966        0.01119486        1.00537281
    140        2.10606467        0.01125501        1.00537281
    141        2.11738015        0.01131548        1.00537281
    142        2.12875643        0.01137628        1.00537281
    143        2.14019382        0.01143740        1.00537281
    144        2.15169267        0.01149885        1.00537281
    145        2.16325330        0.01156063        1.00537281
    146        2.17487605        0.01162274        1.00537281
    147        2.18656124        0.01168519        1.00537281
    148        2.19830921        0.01174797        1.00537281
    149        2.21012030        0.01181109        1.00537281
    150        2.22199485        0.01187455        1.00537281
    151        2.23393320        0.01193835        1.00537281
    152        2.24593570        0.01200249        1.00537281
    153        2.25800268        0.01206698        1.00537281
    154        2.27013449        0.01213181        1.00537281
    155        2.28233148        0.01219700        1.00537281
    156        2.29459401        0.01226253        1.00537281
    157        2.30692242        0.01232841        1.00537281
    158        2.31931707        0.01239465        1.00537281
    159        2.33177832        0.01246124        1.00537281
    160        2.34430651        0.01252820        1.00537281
    161        2.35690202        0.01259551        1.00537281
    162        2.36956520        0.01266318        1.00537281
    163        2.38229642        0.01273122        1.00537281
    164        2.39509604        0.01279962        1.00537281
    165        2.40796443        0.01286839        1.00537281
    166        2.42090196        0.01293753        1.00537281
    167        2.43390900        0.01300704        1.00537281
    168        2.44698592        0.01307692        1.00537281
    169        2.46013310        0.01314718        1.00537281
    170        2.47335093        0.01321782        1.00537281
    171        2.48663976        0.01328884        1.00537281
    172        2.50000000        0.01336024        1.00537281

 ### COMMENT from GENMESH:
 ### Mesh information for coordinate t:

 Number of mesh segments =            1

 Segment      xi0       xi1               t0               t1            ratio
    1    0.000000  1.000000       0.00000000       3.14159265       1.00000000

 Mesh-point locations:
      i                 t                dt             ratio
      1        0.00000000
      2        0.00875095        0.00875095
      3        0.01750191        0.00875095        1.00000000
      4        0.02625286        0.00875095        1.00000000
      5        0.03500382        0.00875095        1.00000000
      6        0.04375477        0.00875095        1.00000000
      7        0.05250573        0.00875095        1.00000000
      8        0.06125668        0.00875095        1.00000000
      9        0.07000764        0.00875095        1.00000000
     10        0.07875859        0.00875095        1.00000000
     11        0.08750954        0.00875095        1.00000000
     12        0.09626050        0.00875095        1.00000000
     13        0.10501145        0.00875095        1.00000000
     14        0.11376241        0.00875095        1.00000000
     15        0.12251336        0.00875095        1.00000000
     16        0.13126432        0.00875095        1.00000000
     17        0.14001527        0.00875095        1.00000000
     18        0.14876623        0.00875095        1.00000000
     19        0.15751718        0.00875095        1.00000000
     20        0.16626813        0.00875095        1.00000000
     21        0.17501909        0.00875095        1.00000000
     22        0.18377004        0.00875095        1.00000000
     23        0.19252100        0.00875095        1.00000000
     24        0.20127195        0.00875095        1.00000000
     25        0.21002291        0.00875095        1.00000000
     26        0.21877386        0.00875095        1.00000000
     27        0.22752482        0.00875095        1.00000000
     28        0.23627577        0.00875095        1.00000000
     29        0.24502673        0.00875095        1.00000000
     30        0.25377768        0.00875095        1.00000000
     31        0.26252863        0.00875095        1.00000000
     32        0.27127959        0.00875095        1.00000000
     33        0.28003054        0.00875095        1.00000000
     34        0.28878150        0.00875095        1.00000000
     35        0.29753245        0.00875095        1.00000000
     36        0.30628341        0.00875095        1.00000000
     37        0.31503436        0.00875095        1.00000000
     38        0.32378532        0.00875095        1.00000000
     39        0.33253627        0.00875095        1.00000000
     40        0.34128722        0.00875095        1.00000000
     41        0.35003818        0.00875095        1.00000000
     42        0.35878913        0.00875095        1.00000000
     43        0.36754009        0.00875095        1.00000000
     44        0.37629104        0.00875095        1.00000000
     45        0.38504200        0.00875095        1.00000000
     46        0.39379295        0.00875095        1.00000000
     47        0.40254391        0.00875095        1.00000000
     48        0.41129486        0.00875095        1.00000000
     49        0.42004581        0.00875095        1.00000000
     50        0.42879677        0.00875095        1.00000000
     51        0.43754772        0.00875095        1.00000000
     52        0.44629868        0.00875095        1.00000000
     53        0.45504963        0.00875095        1.00000000
     54        0.46380059        0.00875095        1.00000000
     55        0.47255154        0.00875095        1.00000000
     56        0.48130250        0.00875095        1.00000000
     57        0.49005345        0.00875095        1.00000000
     58        0.49880440        0.00875095        1.00000000
     59        0.50755536        0.00875095        1.00000000
     60        0.51630631        0.00875095        1.00000000
     61        0.52505727        0.00875095        1.00000000
     62        0.53380822        0.00875095        1.00000000
     63        0.54255918        0.00875095        1.00000000
     64        0.55131013        0.00875095        1.00000000
     65        0.56006109        0.00875095        1.00000000
     66        0.56881204        0.00875095        1.00000000
     67        0.57756299        0.00875095        1.00000000
     68        0.58631395        0.00875095        1.00000000
     69        0.59506490        0.00875095        1.00000000
     70        0.60381586        0.00875095        1.00000000
     71        0.61256681        0.00875095        1.00000000
     72        0.62131777        0.00875095        1.00000000
     73        0.63006872        0.00875095        1.00000000
     74        0.63881968        0.00875095        1.00000000
     75        0.64757063        0.00875095        1.00000000
     76        0.65632159        0.00875095        1.00000000
     77        0.66507254        0.00875095        1.00000000
     78        0.67382349        0.00875095        1.00000000
     79        0.68257445        0.00875095        1.00000000
     80        0.69132540        0.00875095        1.00000000
     81        0.70007636        0.00875095        1.00000000
     82        0.70882731        0.00875095        1.00000000
     83        0.71757827        0.00875095        1.00000000
     84        0.72632922        0.00875095        1.00000000
     85        0.73508018        0.00875095        1.00000000
     86        0.74383113        0.00875095        1.00000000
     87        0.75258208        0.00875095        1.00000000
     88        0.76133304        0.00875095        1.00000000
     89        0.77008399        0.00875095        1.00000000
     90        0.77883495        0.00875095        1.00000000
     91        0.78758590        0.00875095        1.00000000
     92        0.79633686        0.00875095        1.00000000
     93        0.80508781        0.00875095        1.00000000
     94        0.81383877        0.00875095        1.00000000
     95        0.82258972        0.00875095        1.00000000
     96        0.83134067        0.00875095        1.00000000
     97        0.84009163        0.00875095        1.00000000
     98        0.84884258        0.00875095        1.00000000
     99        0.85759354        0.00875095        1.00000000
    100        0.86634449        0.00875095        1.00000000
    101        0.87509545        0.00875095        1.00000000
    102        0.88384640        0.00875095        1.00000000
    103        0.89259736        0.00875095        1.00000000
    104        0.90134831        0.00875095        1.00000000
    105        0.91009926        0.00875095        1.00000000
    106        0.91885022        0.00875095        1.00000000
    107        0.92760117        0.00875095        1.00000000
    108        0.93635213        0.00875095        1.00000000
    109        0.94510308        0.00875095        1.00000000
    110        0.95385404        0.00875095        1.00000000
    111        0.96260499        0.00875095        1.00000000
    112        0.97135595        0.00875095        1.00000000
    113        0.98010690        0.00875095        1.00000000
    114        0.98885785        0.00875095        1.00000000
    115        0.99760881        0.00875095        1.00000000
    116        1.00635976        0.00875095        1.00000000
    117        1.01511072        0.00875095        1.00000000
    118        1.02386167        0.00875095        1.00000000
    119        1.03261263        0.00875095        1.00000000
    120        1.04136358        0.00875095        1.00000000
    121        1.05011454        0.00875095        1.00000000
    122        1.05886549        0.00875095        1.00000000
    123        1.06761644        0.00875095        1.00000000
    124        1.07636740        0.00875095        1.00000000
    125        1.08511835        0.00875095        1.00000000
    126        1.09386931        0.00875095        1.00000000
    127        1.10262026        0.00875095        1.00000000
    128        1.11137122        0.00875095        1.00000000
    129        1.12012217        0.00875095        1.00000000
    130        1.12887313        0.00875095        1.00000000
    131        1.13762408        0.00875095        1.00000000
    132        1.14637504        0.00875095        1.00000000
    133        1.15512599        0.00875095        1.00000000
    134        1.16387694        0.00875095        1.00000000
    135        1.17262790        0.00875095        1.00000000
    136        1.18137885        0.00875095        1.00000000
    137        1.19012981        0.00875095        1.00000000
    138        1.19888076        0.00875095        1.00000000
    139        1.20763172        0.00875095        1.00000000
    140        1.21638267        0.00875095        1.00000000
    141        1.22513363        0.00875095        1.00000000
    142        1.23388458        0.00875095        1.00000000
    143        1.24263553        0.00875095        1.00000000
    144        1.25138649        0.00875095        1.00000000
    145        1.26013744        0.00875095        1.00000000
    146        1.26888840        0.00875095        1.00000000
    147        1.27763935        0.00875095        1.00000000
    148        1.28639031        0.00875095        1.00000000
    149        1.29514126        0.00875095        1.00000000
    150        1.30389222        0.00875095        1.00000000
    151        1.31264317        0.00875095        1.00000000
    152        1.32139412        0.00875095        1.00000000
    153        1.33014508        0.00875095        1.00000000
    154        1.33889603        0.00875095        1.00000000
    155        1.34764699        0.00875095        1.00000000
    156        1.35639794        0.00875095        1.00000000
    157        1.36514890        0.00875095        1.00000000
    158        1.37389985        0.00875095        1.00000000
    159        1.38265081        0.00875095        1.00000000
    160        1.39140176        0.00875095        1.00000000
    161        1.40015271        0.00875095        1.00000000
    162        1.40890367        0.00875095        1.00000000
    163        1.41765462        0.00875095        1.00000000
    164        1.42640558        0.00875095        1.00000000
    165        1.43515653        0.00875095        1.00000000
    166        1.44390749        0.00875095        1.00000000
    167        1.45265844        0.00875095        1.00000000
    168        1.46140940        0.00875095        1.00000000
    169        1.47016035        0.00875095        1.00000000
    170        1.47891130        0.00875095        1.00000000
    171        1.48766226        0.00875095        1.00000000
    172        1.49641321        0.00875095        1.00000000
    173        1.50516417        0.00875095        1.00000000
    174        1.51391512        0.00875095        1.00000000
    175        1.52266608        0.00875095        1.00000000
    176        1.53141703        0.00875095        1.00000000
    177        1.54016799        0.00875095        1.00000000
    178        1.54891894        0.00875095        1.00000000
    179        1.55766990        0.00875095        1.00000000
    180        1.56642085        0.00875095        1.00000000
    181        1.57517180        0.00875095        1.00000000
    182        1.58392276        0.00875095        1.00000000
    183        1.59267371        0.00875095        1.00000000
    184        1.60142467        0.00875095        1.00000000
    185        1.61017562        0.00875095        1.00000000
    186        1.61892658        0.00875095        1.00000000
    187        1.62767753        0.00875095        1.00000000
    188        1.63642849        0.00875095        1.00000000
    189        1.64517944        0.00875095        1.00000000
    190        1.65393039        0.00875095        1.00000000
    191        1.66268135        0.00875095        1.00000000
    192        1.67143230        0.00875095        1.00000000
    193        1.68018326        0.00875095        1.00000000
    194        1.68893421        0.00875095        1.00000000
    195        1.69768517        0.00875095        1.00000000
    196        1.70643612        0.00875095        1.00000000
    197        1.71518708        0.00875095        1.00000000
    198        1.72393803        0.00875095        1.00000000
    199        1.73268898        0.00875095        1.00000000
    200        1.74143994        0.00875095        1.00000000
    201        1.75019089        0.00875095        1.00000000
    202        1.75894185        0.00875095        1.00000000
    203        1.76769280        0.00875095        1.00000000
    204        1.77644376        0.00875095        1.00000000
    205        1.78519471        0.00875095        1.00000000
    206        1.79394567        0.00875095        1.00000000
    207        1.80269662        0.00875095        1.00000000
    208        1.81144757        0.00875095        1.00000000
    209        1.82019853        0.00875095        1.00000000
    210        1.82894948        0.00875095        1.00000000
    211        1.83770044        0.00875095        1.00000000
    212        1.84645139        0.00875095        1.00000000
    213        1.85520235        0.00875095        1.00000000
    214        1.86395330        0.00875095        1.00000000
    215        1.87270426        0.00875095        1.00000000
    216        1.88145521        0.00875095        1.00000000
    217        1.89020616        0.00875095        1.00000000
    218        1.89895712        0.00875095        1.00000000
    219        1.90770807        0.00875095        1.00000000
    220        1.91645903        0.00875095        1.00000000
    221        1.92520998        0.00875095        1.00000000
    222        1.93396094        0.00875095        1.00000000
    223        1.94271189        0.00875095        1.00000000
    224        1.95146285        0.00875095        1.00000000
    225        1.96021380        0.00875095        1.00000000
    226        1.96896476        0.00875095        1.00000000
    227        1.97771571        0.00875095        1.00000000
    228        1.98646666        0.00875095        1.00000000
    229        1.99521762        0.00875095        1.00000000
    230        2.00396857        0.00875095        1.00000000
    231        2.01271953        0.00875095        1.00000000
    232        2.02147048        0.00875095        1.00000000
    233        2.03022144        0.00875095        1.00000000
    234        2.03897239        0.00875095        1.00000000
    235        2.04772335        0.00875095        1.00000000
    236        2.05647430        0.00875095        1.00000000
    237        2.06522525        0.00875095        1.00000000
    238        2.07397621        0.00875095        1.00000000
    239        2.08272716        0.00875095        1.00000000
    240        2.09147812        0.00875095        1.00000000
    241        2.10022907        0.00875095        1.00000000
    242        2.10898003        0.00875095        1.00000000
    243        2.11773098        0.00875095        1.00000000
    244        2.12648194        0.00875095        1.00000000
    245        2.13523289        0.00875095        1.00000000
    246        2.14398384        0.00875095        1.00000000
    247        2.15273480        0.00875095        1.00000000
    248        2.16148575        0.00875095        1.00000000
    249        2.17023671        0.00875095        1.00000000
    250        2.17898766        0.00875095        1.00000000
    251        2.18773862        0.00875095        1.00000000
    252        2.19648957        0.00875095        1.00000000
    253        2.20524053        0.00875095        1.00000000
    254        2.21399148        0.00875095        1.00000000
    255        2.22274243        0.00875095        1.00000000
    256        2.23149339        0.00875095        1.00000000
    257        2.24024434        0.00875095        1.00000000
    258        2.24899530        0.00875095        1.00000000
    259        2.25774625        0.00875095        1.00000000
    260        2.26649721        0.00875095        1.00000000
    261        2.27524816        0.00875095        1.00000000
    262        2.28399912        0.00875095        1.00000000
    263        2.29275007        0.00875095        1.00000000
    264        2.30150102        0.00875095        1.00000000
    265        2.31025198        0.00875095        1.00000000
    266        2.31900293        0.00875095        1.00000000
    267        2.32775389        0.00875095        1.00000000
    268        2.33650484        0.00875095        1.00000000
    269        2.34525580        0.00875095        1.00000000
    270        2.35400675        0.00875095        1.00000000
    271        2.36275771        0.00875095        1.00000000
    272        2.37150866        0.00875095        1.00000000
    273        2.38025961        0.00875095        1.00000000
    274        2.38901057        0.00875095        1.00000000
    275        2.39776152        0.00875095        1.00000000
    276        2.40651248        0.00875095        1.00000000
    277        2.41526343        0.00875095        1.00000000
    278        2.42401439        0.00875095        1.00000000
    279        2.43276534        0.00875095        1.00000000
    280        2.44151630        0.00875095        1.00000000
    281        2.45026725        0.00875095        1.00000000
    282        2.45901821        0.00875095        1.00000000
    283        2.46776916        0.00875095        1.00000000
    284        2.47652011        0.00875095        1.00000000
    285        2.48527107        0.00875095        1.00000000
    286        2.49402202        0.00875095        1.00000000
    287        2.50277298        0.00875095        1.00000000
    288        2.51152393        0.00875095        1.00000000
    289        2.52027489        0.00875095        1.00000000
    290        2.52902584        0.00875095        1.00000000
    291        2.53777680        0.00875095        1.00000000
    292        2.54652775        0.00875095        1.00000000
    293        2.55527870        0.00875095        1.00000000
    294        2.56402966        0.00875095        1.00000000
    295        2.57278061        0.00875095        1.00000000
    296        2.58153157        0.00875095        1.00000000
    297        2.59028252        0.00875095        1.00000000
    298        2.59903348        0.00875095        1.00000000
    299        2.60778443        0.00875095        1.00000000
    300        2.61653539        0.00875095        1.00000000
    301        2.62528634        0.00875095        1.00000000
    302        2.63403729        0.00875095        1.00000000
    303        2.64278825        0.00875095        1.00000000
    304        2.65153920        0.00875095        1.00000000
    305        2.66029016        0.00875095        1.00000000
    306        2.66904111        0.00875095        1.00000000
    307        2.67779207        0.00875095        1.00000000
    308        2.68654302        0.00875095        1.00000000
    309        2.69529398        0.00875095        1.00000000
    310        2.70404493        0.00875095        1.00000000
    311        2.71279588        0.00875095        1.00000000
    312        2.72154684        0.00875095        1.00000000
    313        2.73029779        0.00875095        1.00000000
    314        2.73904875        0.00875095        1.00000000
    315        2.74779970        0.00875095        1.00000000
    316        2.75655066        0.00875095        1.00000000
    317        2.76530161        0.00875095        1.00000000
    318        2.77405257        0.00875095        1.00000000
    319        2.78280352        0.00875095        1.00000000
    320        2.79155447        0.00875095        1.00000000
    321        2.80030543        0.00875095        1.00000000
    322        2.80905638        0.00875095        1.00000000
    323        2.81780734        0.00875095        1.00000000
    324        2.82655829        0.00875095        1.00000000
    325        2.83530925        0.00875095        1.00000000
    326        2.84406020        0.00875095        1.00000000
    327        2.85281116        0.00875095        1.00000000
    328        2.86156211        0.00875095        1.00000000
    329        2.87031307        0.00875095        1.00000000
    330        2.87906402        0.00875095        1.00000000
    331        2.88781497        0.00875095        1.00000000
    332        2.89656593        0.00875095        1.00000000
    333        2.90531688        0.00875095        1.00000000
    334        2.91406784        0.00875095        1.00000000
    335        2.92281879        0.00875095        1.00000000
    336        2.93156975        0.00875095        1.00000000
    337        2.94032070        0.00875095        1.00000000
    338        2.94907166        0.00875095        1.00000000
    339        2.95782261        0.00875095        1.00000000
    340        2.96657356        0.00875095        1.00000000
    341        2.97532452        0.00875095        1.00000000
    342        2.98407547        0.00875095        1.00000000
    343        2.99282643        0.00875095        1.00000000
    344        3.00157738        0.00875095        1.00000000
    345        3.01032834        0.00875095        1.00000000
    346        3.01907929        0.00875095        1.00000000
    347        3.02783025        0.00875095        1.00000000
    348        3.03658120        0.00875095        1.00000000
    349        3.04533215        0.00875095        1.00000000
    350        3.05408311        0.00875095        1.00000000
    351        3.06283406        0.00875095        1.00000000
    352        3.07158502        0.00875095        1.00000000
    353        3.08033597        0.00875095        1.00000000
    354        3.08908693        0.00875095        1.00000000
    355        3.09783788        0.00875095        1.00000000
    356        3.10658884        0.00875095        1.00000000
    357        3.11533979        0.00875095        1.00000000
    358        3.12409074        0.00875095        1.00000000
    359        3.13284170        0.00875095        1.00000000
    360        3.14159265        0.00875095        1.00000000

 ### COMMENT from GENMESH:
 ### Mesh information for coordinate p:

 Number of mesh segments =            1

 Segment      xi0       xi1               p0               p1            ratio
    1    0.000000  1.000000       0.00000000       6.28318531       1.00000000

 Mesh-point locations:
      i                 p                dp             ratio
      1        0.00000000        0.00537484        1.00000000
      2        0.00537484        0.00537484        1.00000000
      3        0.01074968        0.00537484        1.00000000
      4        0.01612451        0.00537484        1.00000000
      5        0.02149935        0.00537484        1.00000000
      6        0.02687419        0.00537484        1.00000000
      7        0.03224903        0.00537484        1.00000000
      8        0.03762386        0.00537484        1.00000000
      9        0.04299870        0.00537484        1.00000000
     10        0.04837354        0.00537484        1.00000000
     11        0.05374838        0.00537484        1.00000000
     12        0.05912322        0.00537484        1.00000000
     13        0.06449805        0.00537484        1.00000000
     14        0.06987289        0.00537484        1.00000000
     15        0.07524773        0.00537484        1.00000000
     16        0.08062257        0.00537484        1.00000000
     17        0.08599740        0.00537484        1.00000000
     18        0.09137224        0.00537484        1.00000000
     19        0.09674708        0.00537484        1.00000000
     20        0.10212192        0.00537484        1.00000000
     21        0.10749675        0.00537484        1.00000000
     22        0.11287159        0.00537484        1.00000000
     23        0.11824643        0.00537484        1.00000000
     24        0.12362127        0.00537484        1.00000000
     25        0.12899611        0.00537484        1.00000000
     26        0.13437094        0.00537484        1.00000000
     27        0.13974578        0.00537484        1.00000000
     28        0.14512062        0.00537484        1.00000000
     29        0.15049546        0.00537484        1.00000000
     30        0.15587029        0.00537484        1.00000000
     31        0.16124513        0.00537484        1.00000000
     32        0.16661997        0.00537484        1.00000000
     33        0.17199481        0.00537484        1.00000000
     34        0.17736965        0.00537484        1.00000000
     35        0.18274448        0.00537484        1.00000000
     36        0.18811932        0.00537484        1.00000000
     37        0.19349416        0.00537484        1.00000000
     38        0.19886900        0.00537484        1.00000000
     39        0.20424383        0.00537484        1.00000000
     40        0.20961867        0.00537484        1.00000000
     41        0.21499351        0.00537484        1.00000000
     42        0.22036835        0.00537484        1.00000000
     43        0.22574318        0.00537484        1.00000000
     44        0.23111802        0.00537484        1.00000000
     45        0.23649286        0.00537484        1.00000000
     46        0.24186770        0.00537484        1.00000000
     47        0.24724254        0.00537484        1.00000000
     48        0.25261737        0.00537484        1.00000000
     49        0.25799221        0.00537484        1.00000000
     50        0.26336705        0.00537484        1.00000000
     51        0.26874189        0.00537484        1.00000000
     52        0.27411672        0.00537484        1.00000000
     53        0.27949156        0.00537484        1.00000000
     54        0.28486640        0.00537484        1.00000000
     55        0.29024124        0.00537484        1.00000000
     56        0.29561608        0.00537484        1.00000000
     57        0.30099091        0.00537484        1.00000000
     58        0.30636575        0.00537484        1.00000000
     59        0.31174059        0.00537484        1.00000000
     60        0.31711543        0.00537484        1.00000000
     61        0.32249026        0.00537484        1.00000000
     62        0.32786510        0.00537484        1.00000000
     63        0.33323994        0.00537484        1.00000000
     64        0.33861478        0.00537484        1.00000000
     65        0.34398961        0.00537484        1.00000000
     66        0.34936445        0.00537484        1.00000000
     67        0.35473929        0.00537484        1.00000000
     68        0.36011413        0.00537484        1.00000000
     69        0.36548897        0.00537484        1.00000000
     70        0.37086380        0.00537484        1.00000000
     71        0.37623864        0.00537484        1.00000000
     72        0.38161348        0.00537484        1.00000000
     73        0.38698832        0.00537484        1.00000000
     74        0.39236315        0.00537484        1.00000000
     75        0.39773799        0.00537484        1.00000000
     76        0.40311283        0.00537484        1.00000000
     77        0.40848767        0.00537484        1.00000000
     78        0.41386251        0.00537484        1.00000000
     79        0.41923734        0.00537484        1.00000000
     80        0.42461218        0.00537484        1.00000000
     81        0.42998702        0.00537484        1.00000000
     82        0.43536186        0.00537484        1.00000000
     83        0.44073669        0.00537484        1.00000000
     84        0.44611153        0.00537484        1.00000000
     85        0.45148637        0.00537484        1.00000000
     86        0.45686121        0.00537484        1.00000000
     87        0.46223604        0.00537484        1.00000000
     88        0.46761088        0.00537484        1.00000000
     89        0.47298572        0.00537484        1.00000000
     90        0.47836056        0.00537484        1.00000000
     91        0.48373540        0.00537484        1.00000000
     92        0.48911023        0.00537484        1.00000000
     93        0.49448507        0.00537484        1.00000000
     94        0.49985991        0.00537484        1.00000000
     95        0.50523475        0.00537484        1.00000000
     96        0.51060958        0.00537484        1.00000000
     97        0.51598442        0.00537484        1.00000000
     98        0.52135926        0.00537484        1.00000000
     99        0.52673410        0.00537484        1.00000000
    100        0.53210894        0.00537484        1.00000000
    101        0.53748377        0.00537484        1.00000000
    102        0.54285861        0.00537484        1.00000000
    103        0.54823345        0.00537484        1.00000000
    104        0.55360829        0.00537484        1.00000000
    105        0.55898312        0.00537484        1.00000000
    106        0.56435796        0.00537484        1.00000000
    107        0.56973280        0.00537484        1.00000000
    108        0.57510764        0.00537484        1.00000000
    109        0.58048247        0.00537484        1.00000000
    110        0.58585731        0.00537484        1.00000000
    111        0.59123215        0.00537484        1.00000000
    112        0.59660699        0.00537484        1.00000000
    113        0.60198183        0.00537484        1.00000000
    114        0.60735666        0.00537484        1.00000000
    115        0.61273150        0.00537484        1.00000000
    116        0.61810634        0.00537484        1.00000000
    117        0.62348118        0.00537484        1.00000000
    118        0.62885601        0.00537484        1.00000000
    119        0.63423085        0.00537484        1.00000000
    120        0.63960569        0.00537484        1.00000000
    121        0.64498053        0.00537484        1.00000000
    122        0.65035537        0.00537484        1.00000000
    123        0.65573020        0.00537484        1.00000000
    124        0.66110504        0.00537484        1.00000000
    125        0.66647988        0.00537484        1.00000000
    126        0.67185472        0.00537484        1.00000000
    127        0.67722955        0.00537484        1.00000000
    128        0.68260439        0.00537484        1.00000000
    129        0.68797923        0.00537484        1.00000000
    130        0.69335407        0.00537484        1.00000000
    131        0.69872890        0.00537484        1.00000000
    132        0.70410374        0.00537484        1.00000000
    133        0.70947858        0.00537484        1.00000000
    134        0.71485342        0.00537484        1.00000000
    135        0.72022826        0.00537484        1.00000000
    136        0.72560309        0.00537484        1.00000000
    137        0.73097793        0.00537484        1.00000000
    138        0.73635277        0.00537484        1.00000000
    139        0.74172761        0.00537484        1.00000000
    140        0.74710244        0.00537484        1.00000000
    141        0.75247728        0.00537484        1.00000000
    142        0.75785212        0.00537484        1.00000000
    143        0.76322696        0.00537484        1.00000000
    144        0.76860180        0.00537484        1.00000000
    145        0.77397663        0.00537484        1.00000000
    146        0.77935147        0.00537484        1.00000000
    147        0.78472631        0.00537484        1.00000000
    148        0.79010115        0.00537484        1.00000000
    149        0.79547598        0.00537484        1.00000000
    150        0.80085082        0.00537484        1.00000000
    151        0.80622566        0.00537484        1.00000000
    152        0.81160050        0.00537484        1.00000000
    153        0.81697534        0.00537484        1.00000000
    154        0.82235017        0.00537484        1.00000000
    155        0.82772501        0.00537484        1.00000000
    156        0.83309985        0.00537484        1.00000000
    157        0.83847469        0.00537484        1.00000000
    158        0.84384952        0.00537484        1.00000000
    159        0.84922436        0.00537484        1.00000000
    160        0.85459920        0.00537484        1.00000000
    161        0.85997404        0.00537484        1.00000000
    162        0.86534887        0.00537484        1.00000000
    163        0.87072371        0.00537484        1.00000000
    164        0.87609855        0.00537484        1.00000000
    165        0.88147339        0.00537484        1.00000000
    166        0.88684823        0.00537484        1.00000000
    167        0.89222306        0.00537484        1.00000000
    168        0.89759790        0.00537484        1.00000000
    169        0.90297274        0.00537484        1.00000000
    170        0.90834758        0.00537484        1.00000000
    171        0.91372241        0.00537484        1.00000000
    172        0.91909725        0.00537484        1.00000000
    173        0.92447209        0.00537484        1.00000000
    174        0.92984693        0.00537484        1.00000000
    175        0.93522177        0.00537484        1.00000000
    176        0.94059660        0.00537484        1.00000000
    177        0.94597144        0.00537484        1.00000000
    178        0.95134628        0.00537484        1.00000000
    179        0.95672112        0.00537484        1.00000000
    180        0.96209595        0.00537484        1.00000000
    181        0.96747079        0.00537484        1.00000000
    182        0.97284563        0.00537484        1.00000000
    183        0.97822047        0.00537484        1.00000000
    184        0.98359530        0.00537484        1.00000000
    185        0.98897014        0.00537484        1.00000000
    186        0.99434498        0.00537484        1.00000000
    187        0.99971982        0.00537484        1.00000000
    188        1.00509466        0.00537484        1.00000000
    189        1.01046949        0.00537484        1.00000000
    190        1.01584433        0.00537484        1.00000000
    191        1.02121917        0.00537484        1.00000000
    192        1.02659401        0.00537484        1.00000000
    193        1.03196884        0.00537484        1.00000000
    194        1.03734368        0.00537484        1.00000000
    195        1.04271852        0.00537484        1.00000000
    196        1.04809336        0.00537484        1.00000000
    197        1.05346820        0.00537484        1.00000000
    198        1.05884303        0.00537484        1.00000000
    199        1.06421787        0.00537484        1.00000000
    200        1.06959271        0.00537484        1.00000000
    201        1.07496755        0.00537484        1.00000000
    202        1.08034238        0.00537484        1.00000000
    203        1.08571722        0.00537484        1.00000000
    204        1.09109206        0.00537484        1.00000000
    205        1.09646690        0.00537484        1.00000000
    206        1.10184173        0.00537484        1.00000000
    207        1.10721657        0.00537484        1.00000000
    208        1.11259141        0.00537484        1.00000000
    209        1.11796625        0.00537484        1.00000000
    210        1.12334109        0.00537484        1.00000000
    211        1.12871592        0.00537484        1.00000000
    212        1.13409076        0.00537484        1.00000000
    213        1.13946560        0.00537484        1.00000000
    214        1.14484044        0.00537484        1.00000000
    215        1.15021527        0.00537484        1.00000000
    216        1.15559011        0.00537484        1.00000000
    217        1.16096495        0.00537484        1.00000000
    218        1.16633979        0.00537484        1.00000000
    219        1.17171463        0.00537484        1.00000000
    220        1.17708946        0.00537484        1.00000000
    221        1.18246430        0.00537484        1.00000000
    222        1.18783914        0.00537484        1.00000000
    223        1.19321398        0.00537484        1.00000000
    224        1.19858881        0.00537484        1.00000000
    225        1.20396365        0.00537484        1.00000000
    226        1.20933849        0.00537484        1.00000000
    227        1.21471333        0.00537484        1.00000000
    228        1.22008816        0.00537484        1.00000000
    229        1.22546300        0.00537484        1.00000000
    230        1.23083784        0.00537484        1.00000000
    231        1.23621268        0.00537484        1.00000000
    232        1.24158752        0.00537484        1.00000000
    233        1.24696235        0.00537484        1.00000000
    234        1.25233719        0.00537484        1.00000000
    235        1.25771203        0.00537484        1.00000000
    236        1.26308687        0.00537484        1.00000000
    237        1.26846170        0.00537484        1.00000000
    238        1.27383654        0.00537484        1.00000000
    239        1.27921138        0.00537484        1.00000000
    240        1.28458622        0.00537484        1.00000000
    241        1.28996106        0.00537484        1.00000000
    242        1.29533589        0.00537484        1.00000000
    243        1.30071073        0.00537484        1.00000000
    244        1.30608557        0.00537484        1.00000000
    245        1.31146041        0.00537484        1.00000000
    246        1.31683524        0.00537484        1.00000000
    247        1.32221008        0.00537484        1.00000000
    248        1.32758492        0.00537484        1.00000000
    249        1.33295976        0.00537484        1.00000000
    250        1.33833459        0.00537484        1.00000000
    251        1.34370943        0.00537484        1.00000000
    252        1.34908427        0.00537484        1.00000000
    253        1.35445911        0.00537484        1.00000000
    254        1.35983395        0.00537484        1.00000000
    255        1.36520878        0.00537484        1.00000000
    256        1.37058362        0.00537484        1.00000000
    257        1.37595846        0.00537484        1.00000000
    258        1.38133330        0.00537484        1.00000000
    259        1.38670813        0.00537484        1.00000000
    260        1.39208297        0.00537484        1.00000000
    261        1.39745781        0.00537484        1.00000000
    262        1.40283265        0.00537484        1.00000000
    263        1.40820749        0.00537484        1.00000000
    264        1.41358232        0.00537484        1.00000000
    265        1.41895716        0.00537484        1.00000000
    266        1.42433200        0.00537484        1.00000000
    267        1.42970684        0.00537484        1.00000000
    268        1.43508167        0.00537484        1.00000000
    269        1.44045651        0.00537484        1.00000000
    270        1.44583135        0.00537484        1.00000000
    271        1.45120619        0.00537484        1.00000000
    272        1.45658103        0.00537484        1.00000000
    273        1.46195586        0.00537484        1.00000000
    274        1.46733070        0.00537484        1.00000000
    275        1.47270554        0.00537484        1.00000000
    276        1.47808038        0.00537484        1.00000000
    277        1.48345521        0.00537484        1.00000000
    278        1.48883005        0.00537484        1.00000000
    279        1.49420489        0.00537484        1.00000000
    280        1.49957973        0.00537484        1.00000000
    281        1.50495456        0.00537484        1.00000000
    282        1.51032940        0.00537484        1.00000000
    283        1.51570424        0.00537484        1.00000000
    284        1.52107908        0.00537484        1.00000000
    285        1.52645392        0.00537484        1.00000000
    286        1.53182875        0.00537484        1.00000000
    287        1.53720359        0.00537484        1.00000000
    288        1.54257843        0.00537484        1.00000000
    289        1.54795327        0.00537484        1.00000000
    290        1.55332810        0.00537484        1.00000000
    291        1.55870294        0.00537484        1.00000000
    292        1.56407778        0.00537484        1.00000000
    293        1.56945262        0.00537484        1.00000000
    294        1.57482746        0.00537484        1.00000000
    295        1.58020229        0.00537484        1.00000000
    296        1.58557713        0.00537484        1.00000000
    297        1.59095197        0.00537484        1.00000000
    298        1.59632681        0.00537484        1.00000000
    299        1.60170164        0.00537484        1.00000000
    300        1.60707648        0.00537484        1.00000000
    301        1.61245132        0.00537484        1.00000000
    302        1.61782616        0.00537484        1.00000000
    303        1.62320099        0.00537484        1.00000000
    304        1.62857583        0.00537484        1.00000000
    305        1.63395067        0.00537484        1.00000000
    306        1.63932551        0.00537484        1.00000000
    307        1.64470035        0.00537484        1.00000000
    308        1.65007518        0.00537484        1.00000000
    309        1.65545002        0.00537484        1.00000000
    310        1.66082486        0.00537484        1.00000000
    311        1.66619970        0.00537484        1.00000000
    312        1.67157453        0.00537484        1.00000000
    313        1.67694937        0.00537484        1.00000000
    314        1.68232421        0.00537484        1.00000000
    315        1.68769905        0.00537484        1.00000000
    316        1.69307389        0.00537484        1.00000000
    317        1.69844872        0.00537484        1.00000000
    318        1.70382356        0.00537484        1.00000000
    319        1.70919840        0.00537484        1.00000000
    320        1.71457324        0.00537484        1.00000000
    321        1.71994807        0.00537484        1.00000000
    322        1.72532291        0.00537484        1.00000000
    323        1.73069775        0.00537484        1.00000000
    324        1.73607259        0.00537484        1.00000000
    325        1.74144742        0.00537484        1.00000000
    326        1.74682226        0.00537484        1.00000000
    327        1.75219710        0.00537484        1.00000000
    328        1.75757194        0.00537484        1.00000000
    329        1.76294678        0.00537484        1.00000000
    330        1.76832161        0.00537484        1.00000000
    331        1.77369645        0.00537484        1.00000000
    332        1.77907129        0.00537484        1.00000000
    333        1.78444613        0.00537484        1.00000000
    334        1.78982096        0.00537484        1.00000000
    335        1.79519580        0.00537484        1.00000000
    336        1.80057064        0.00537484        1.00000000
    337        1.80594548        0.00537484        1.00000000
    338        1.81132032        0.00537484        1.00000000
    339        1.81669515        0.00537484        1.00000000
    340        1.82206999        0.00537484        1.00000000
    341        1.82744483        0.00537484        1.00000000
    342        1.83281967        0.00537484        1.00000000
    343        1.83819450        0.00537484        1.00000000
    344        1.84356934        0.00537484        1.00000000
    345        1.84894418        0.00537484        1.00000000
    346        1.85431902        0.00537484        1.00000000
    347        1.85969385        0.00537484        1.00000000
    348        1.86506869        0.00537484        1.00000000
    349        1.87044353        0.00537484        1.00000000
    350        1.87581837        0.00537484        1.00000000
    351        1.88119321        0.00537484        1.00000000
    352        1.88656804        0.00537484        1.00000000
    353        1.89194288        0.00537484        1.00000000
    354        1.89731772        0.00537484        1.00000000
    355        1.90269256        0.00537484        1.00000000
    356        1.90806739        0.00537484        1.00000000
    357        1.91344223        0.00537484        1.00000000
    358        1.91881707        0.00537484        1.00000000
    359        1.92419191        0.00537484        1.00000000
    360        1.92956675        0.00537484        1.00000000
    361        1.93494158        0.00537484        1.00000000
    362        1.94031642        0.00537484        1.00000000
    363        1.94569126        0.00537484        1.00000000
    364        1.95106610        0.00537484        1.00000000
    365        1.95644093        0.00537484        1.00000000
    366        1.96181577        0.00537484        1.00000000
    367        1.96719061        0.00537484        1.00000000
    368        1.97256545        0.00537484        1.00000000
    369        1.97794028        0.00537484        1.00000000
    370        1.98331512        0.00537484        1.00000000
    371        1.98868996        0.00537484        1.00000000
    372        1.99406480        0.00537484        1.00000000
    373        1.99943964        0.00537484        1.00000000
    374        2.00481447        0.00537484        1.00000000
    375        2.01018931        0.00537484        1.00000000
    376        2.01556415        0.00537484        1.00000000
    377        2.02093899        0.00537484        1.00000000
    378        2.02631382        0.00537484        1.00000000
    379        2.03168866        0.00537484        1.00000000
    380        2.03706350        0.00537484        1.00000000
    381        2.04243834        0.00537484        1.00000000
    382        2.04781318        0.00537484        1.00000000
    383        2.05318801        0.00537484        1.00000000
    384        2.05856285        0.00537484        1.00000000
    385        2.06393769        0.00537484        1.00000000
    386        2.06931253        0.00537484        1.00000000
    387        2.07468736        0.00537484        1.00000000
    388        2.08006220        0.00537484        1.00000000
    389        2.08543704        0.00537484        1.00000000
    390        2.09081188        0.00537484        1.00000000
    391        2.09618671        0.00537484        1.00000000
    392        2.10156155        0.00537484        1.00000000
    393        2.10693639        0.00537484        1.00000000
    394        2.11231123        0.00537484        1.00000000
    395        2.11768607        0.00537484        1.00000000
    396        2.12306090        0.00537484        1.00000000
    397        2.12843574        0.00537484        1.00000000
    398        2.13381058        0.00537484        1.00000000
    399        2.13918542        0.00537484        1.00000000
    400        2.14456025        0.00537484        1.00000000
    401        2.14993509        0.00537484        1.00000000
    402        2.15530993        0.00537484        1.00000000
    403        2.16068477        0.00537484        1.00000000
    404        2.16605961        0.00537484        1.00000000
    405        2.17143444        0.00537484        1.00000000
    406        2.17680928        0.00537484        1.00000000
    407        2.18218412        0.00537484        1.00000000
    408        2.18755896        0.00537484        1.00000000
    409        2.19293379        0.00537484        1.00000000
    410        2.19830863        0.00537484        1.00000000
    411        2.20368347        0.00537484        1.00000000
    412        2.20905831        0.00537484        1.00000000
    413        2.21443315        0.00537484        1.00000000
    414        2.21980798        0.00537484        1.00000000
    415        2.22518282        0.00537484        1.00000000
    416        2.23055766        0.00537484        1.00000000
    417        2.23593250        0.00537484        1.00000000
    418        2.24130733        0.00537484        1.00000000
    419        2.24668217        0.00537484        1.00000000
    420        2.25205701        0.00537484        1.00000000
    421        2.25743185        0.00537484        1.00000000
    422        2.26280668        0.00537484        1.00000000
    423        2.26818152        0.00537484        1.00000000
    424        2.27355636        0.00537484        1.00000000
    425        2.27893120        0.00537484        1.00000000
    426        2.28430604        0.00537484        1.00000000
    427        2.28968087        0.00537484        1.00000000
    428        2.29505571        0.00537484        1.00000000
    429        2.30043055        0.00537484        1.00000000
    430        2.30580539        0.00537484        1.00000000
    431        2.31118022        0.00537484        1.00000000
    432        2.31655506        0.00537484        1.00000000
    433        2.32192990        0.00537484        1.00000000
    434        2.32730474        0.00537484        1.00000000
    435        2.33267958        0.00537484        1.00000000
    436        2.33805441        0.00537484        1.00000000
    437        2.34342925        0.00537484        1.00000000
    438        2.34880409        0.00537484        1.00000000
    439        2.35417893        0.00537484        1.00000000
    440        2.35955376        0.00537484        1.00000000
    441        2.36492860        0.00537484        1.00000000
    442        2.37030344        0.00537484        1.00000000
    443        2.37567828        0.00537484        1.00000000
    444        2.38105311        0.00537484        1.00000000
    445        2.38642795        0.00537484        1.00000000
    446        2.39180279        0.00537484        1.00000000
    447        2.39717763        0.00537484        1.00000000
    448        2.40255247        0.00537484        1.00000000
    449        2.40792730        0.00537484        1.00000000
    450        2.41330214        0.00537484        1.00000000
    451        2.41867698        0.00537484        1.00000000
    452        2.42405182        0.00537484        1.00000000
    453        2.42942665        0.00537484        1.00000000
    454        2.43480149        0.00537484        1.00000000
    455        2.44017633        0.00537484        1.00000000
    456        2.44555117        0.00537484        1.00000000
    457        2.45092601        0.00537484        1.00000000
    458        2.45630084        0.00537484        1.00000000
    459        2.46167568        0.00537484        1.00000000
    460        2.46705052        0.00537484        1.00000000
    461        2.47242536        0.00537484        1.00000000
    462        2.47780019        0.00537484        1.00000000
    463        2.48317503        0.00537484        1.00000000
    464        2.48854987        0.00537484        1.00000000
    465        2.49392471        0.00537484        1.00000000
    466        2.49929954        0.00537484        1.00000000
    467        2.50467438        0.00537484        1.00000000
    468        2.51004922        0.00537484        1.00000000
    469        2.51542406        0.00537484        1.00000000
    470        2.52079890        0.00537484        1.00000000
    471        2.52617373        0.00537484        1.00000000
    472        2.53154857        0.00537484        1.00000000
    473        2.53692341        0.00537484        1.00000000
    474        2.54229825        0.00537484        1.00000000
    475        2.54767308        0.00537484        1.00000000
    476        2.55304792        0.00537484        1.00000000
    477        2.55842276        0.00537484        1.00000000
    478        2.56379760        0.00537484        1.00000000
    479        2.56917244        0.00537484        1.00000000
    480        2.57454727        0.00537484        1.00000000
    481        2.57992211        0.00537484        1.00000000
    482        2.58529695        0.00537484        1.00000000
    483        2.59067179        0.00537484        1.00000000
    484        2.59604662        0.00537484        1.00000000
    485        2.60142146        0.00537484        1.00000000
    486        2.60679630        0.00537484        1.00000000
    487        2.61217114        0.00537484        1.00000000
    488        2.61754597        0.00537484        1.00000000
    489        2.62292081        0.00537484        1.00000000
    490        2.62829565        0.00537484        1.00000000
    491        2.63367049        0.00537484        1.00000000
    492        2.63904533        0.00537484        1.00000000
    493        2.64442016        0.00537484        1.00000000
    494        2.64979500        0.00537484        1.00000000
    495        2.65516984        0.00537484        1.00000000
    496        2.66054468        0.00537484        1.00000000
    497        2.66591951        0.00537484        1.00000000
    498        2.67129435        0.00537484        1.00000000
    499        2.67666919        0.00537484        1.00000000
    500        2.68204403        0.00537484        1.00000000
    501        2.68741887        0.00537484        1.00000000
    502        2.69279370        0.00537484        1.00000000
    503        2.69816854        0.00537484        1.00000000
    504        2.70354338        0.00537484        1.00000000
    505        2.70891822        0.00537484        1.00000000
    506        2.71429305        0.00537484        1.00000000
    507        2.71966789        0.00537484        1.00000000
    508        2.72504273        0.00537484        1.00000000
    509        2.73041757        0.00537484        1.00000000
    510        2.73579240        0.00537484        1.00000000
    511        2.74116724        0.00537484        1.00000000
    512        2.74654208        0.00537484        1.00000000
    513        2.75191692        0.00537484        1.00000000
    514        2.75729176        0.00537484        1.00000000
    515        2.76266659        0.00537484        1.00000000
    516        2.76804143        0.00537484        1.00000000
    517        2.77341627        0.00537484        1.00000000
    518        2.77879111        0.00537484        1.00000000
    519        2.78416594        0.00537484        1.00000000
    520        2.78954078        0.00537484        1.00000000
    521        2.79491562        0.00537484        1.00000000
    522        2.80029046        0.00537484        1.00000000
    523        2.80566530        0.00537484        1.00000000
    524        2.81104013        0.00537484        1.00000000
    525        2.81641497        0.00537484        1.00000000
    526        2.82178981        0.00537484        1.00000000
    527        2.82716465        0.00537484        1.00000000
    528        2.83253948        0.00537484        1.00000000
    529        2.83791432        0.00537484        1.00000000
    530        2.84328916        0.00537484        1.00000000
    531        2.84866400        0.00537484        1.00000000
    532        2.85403883        0.00537484        1.00000000
    533        2.85941367        0.00537484        1.00000000
    534        2.86478851        0.00537484        1.00000000
    535        2.87016335        0.00537484        1.00000000
    536        2.87553819        0.00537484        1.00000000
    537        2.88091302        0.00537484        1.00000000
    538        2.88628786        0.00537484        1.00000000
    539        2.89166270        0.00537484        1.00000000
    540        2.89703754        0.00537484        1.00000000
    541        2.90241237        0.00537484        1.00000000
    542        2.90778721        0.00537484        1.00000000
    543        2.91316205        0.00537484        1.00000000
    544        2.91853689        0.00537484        1.00000000
    545        2.92391173        0.00537484        1.00000000
    546        2.92928656        0.00537484        1.00000000
    547        2.93466140        0.00537484        1.00000000
    548        2.94003624        0.00537484        1.00000000
    549        2.94541108        0.00537484        1.00000000
    550        2.95078591        0.00537484        1.00000000
    551        2.95616075        0.00537484        1.00000000
    552        2.96153559        0.00537484        1.00000000
    553        2.96691043        0.00537484        1.00000000
    554        2.97228527        0.00537484        1.00000000
    555        2.97766010        0.00537484        1.00000000
    556        2.98303494        0.00537484        1.00000000
    557        2.98840978        0.00537484        1.00000000
    558        2.99378462        0.00537484        1.00000000
    559        2.99915945        0.00537484        1.00000000
    560        3.00453429        0.00537484        1.00000000
    561        3.00990913        0.00537484        1.00000000
    562        3.01528397        0.00537484        1.00000000
    563        3.02065880        0.00537484        1.00000000
    564        3.02603364        0.00537484        1.00000000
    565        3.03140848        0.00537484        1.00000000
    566        3.03678332        0.00537484        1.00000000
    567        3.04215816        0.00537484        1.00000000
    568        3.04753299        0.00537484        1.00000000
    569        3.05290783        0.00537484        1.00000000
    570        3.05828267        0.00537484        1.00000000
    571        3.06365751        0.00537484        1.00000000
    572        3.06903234        0.00537484        1.00000000
    573        3.07440718        0.00537484        1.00000000
    574        3.07978202        0.00537484        1.00000000
    575        3.08515686        0.00537484        1.00000000
    576        3.09053170        0.00537484        1.00000000
    577        3.09590653        0.00537484        1.00000000
    578        3.10128137        0.00537484        1.00000000
    579        3.10665621        0.00537484        1.00000000
    580        3.11203105        0.00537484        1.00000000
    581        3.11740588        0.00537484        1.00000000
    582        3.12278072        0.00537484        1.00000000
    583        3.12815556        0.00537484        1.00000000
    584        3.13353040        0.00537484        1.00000000
    585        3.13890523        0.00537484        1.00000000
    586        3.14428007        0.00537484        1.00000000
    587        3.14965491        0.00537484        1.00000000
    588        3.15502975        0.00537484        1.00000000
    589        3.16040459        0.00537484        1.00000000
    590        3.16577942        0.00537484        1.00000000
    591        3.17115426        0.00537484        1.00000000
    592        3.17652910        0.00537484        1.00000000
    593        3.18190394        0.00537484        1.00000000
    594        3.18727877        0.00537484        1.00000000
    595        3.19265361        0.00537484        1.00000000
    596        3.19802845        0.00537484        1.00000000
    597        3.20340329        0.00537484        1.00000000
    598        3.20877813        0.00537484        1.00000000
    599        3.21415296        0.00537484        1.00000000
    600        3.21952780        0.00537484        1.00000000
    601        3.22490264        0.00537484        1.00000000
    602        3.23027748        0.00537484        1.00000000
    603        3.23565231        0.00537484        1.00000000
    604        3.24102715        0.00537484        1.00000000
    605        3.24640199        0.00537484        1.00000000
    606        3.25177683        0.00537484        1.00000000
    607        3.25715166        0.00537484        1.00000000
    608        3.26252650        0.00537484        1.00000000
    609        3.26790134        0.00537484        1.00000000
    610        3.27327618        0.00537484        1.00000000
    611        3.27865102        0.00537484        1.00000000
    612        3.28402585        0.00537484        1.00000000
    613        3.28940069        0.00537484        1.00000000
    614        3.29477553        0.00537484        1.00000000
    615        3.30015037        0.00537484        1.00000000
    616        3.30552520        0.00537484        1.00000000
    617        3.31090004        0.00537484        1.00000000
    618        3.31627488        0.00537484        1.00000000
    619        3.32164972        0.00537484        1.00000000
    620        3.32702456        0.00537484        1.00000000
    621        3.33239939        0.00537484        1.00000000
    622        3.33777423        0.00537484        1.00000000
    623        3.34314907        0.00537484        1.00000000
    624        3.34852391        0.00537484        1.00000000
    625        3.35389874        0.00537484        1.00000000
    626        3.35927358        0.00537484        1.00000000
    627        3.36464842        0.00537484        1.00000000
    628        3.37002326        0.00537484        1.00000000
    629        3.37539809        0.00537484        1.00000000
    630        3.38077293        0.00537484        1.00000000
    631        3.38614777        0.00537484        1.00000000
    632        3.39152261        0.00537484        1.00000000
    633        3.39689745        0.00537484        1.00000000
    634        3.40227228        0.00537484        1.00000000
    635        3.40764712        0.00537484        1.00000000
    636        3.41302196        0.00537484        1.00000000
    637        3.41839680        0.00537484        1.00000000
    638        3.42377163        0.00537484        1.00000000
    639        3.42914647        0.00537484        1.00000000
    640        3.43452131        0.00537484        1.00000000
    641        3.43989615        0.00537484        1.00000000
    642        3.44527099        0.00537484        1.00000000
    643        3.45064582        0.00537484        1.00000000
    644        3.45602066        0.00537484        1.00000000
    645        3.46139550        0.00537484        1.00000000
    646        3.46677034        0.00537484        1.00000000
    647        3.47214517        0.00537484        1.00000000
    648        3.47752001        0.00537484        1.00000000
    649        3.48289485        0.00537484        1.00000000
    650        3.48826969        0.00537484        1.00000000
    651        3.49364452        0.00537484        1.00000000
    652        3.49901936        0.00537484        1.00000000
    653        3.50439420        0.00537484        1.00000000
    654        3.50976904        0.00537484        1.00000000
    655        3.51514388        0.00537484        1.00000000
    656        3.52051871        0.00537484        1.00000000
    657        3.52589355        0.00537484        1.00000000
    658        3.53126839        0.00537484        1.00000000
    659        3.53664323        0.00537484        1.00000000
    660        3.54201806        0.00537484        1.00000000
    661        3.54739290        0.00537484        1.00000000
    662        3.55276774        0.00537484        1.00000000
    663        3.55814258        0.00537484        1.00000000
    664        3.56351742        0.00537484        1.00000000
    665        3.56889225        0.00537484        1.00000000
    666        3.57426709        0.00537484        1.00000000
    667        3.57964193        0.00537484        1.00000000
    668        3.58501677        0.00537484        1.00000000
    669        3.59039160        0.00537484        1.00000000
    670        3.59576644        0.00537484        1.00000000
    671        3.60114128        0.00537484        1.00000000
    672        3.60651612        0.00537484        1.00000000
    673        3.61189096        0.00537484        1.00000000
    674        3.61726579        0.00537484        1.00000000
    675        3.62264063        0.00537484        1.00000000
    676        3.62801547        0.00537484        1.00000000
    677        3.63339031        0.00537484        1.00000000
    678        3.63876514        0.00537484        1.00000000
    679        3.64413998        0.00537484        1.00000000
    680        3.64951482        0.00537484        1.00000000
    681        3.65488966        0.00537484        1.00000000
    682        3.66026449        0.00537484        1.00000000
    683        3.66563933        0.00537484        1.00000000
    684        3.67101417        0.00537484        1.00000000
    685        3.67638901        0.00537484        1.00000000
    686        3.68176385        0.00537484        1.00000000
    687        3.68713868        0.00537484        1.00000000
    688        3.69251352        0.00537484        1.00000000
    689        3.69788836        0.00537484        1.00000000
    690        3.70326320        0.00537484        1.00000000
    691        3.70863803        0.00537484        1.00000000
    692        3.71401287        0.00537484        1.00000000
    693        3.71938771        0.00537484        1.00000000
    694        3.72476255        0.00537484        1.00000000
    695        3.73013739        0.00537484        1.00000000
    696        3.73551222        0.00537484        1.00000000
    697        3.74088706        0.00537484        1.00000000
    698        3.74626190        0.00537484        1.00000000
    699        3.75163674        0.00537484        1.00000000
    700        3.75701157        0.00537484        1.00000000
    701        3.76238641        0.00537484        1.00000000
    702        3.76776125        0.00537484        1.00000000
    703        3.77313609        0.00537484        1.00000000
    704        3.77851092        0.00537484        1.00000000
    705        3.78388576        0.00537484        1.00000000
    706        3.78926060        0.00537484        1.00000000
    707        3.79463544        0.00537484        1.00000000
    708        3.80001028        0.00537484        1.00000000
    709        3.80538511        0.00537484        1.00000000
    710        3.81075995        0.00537484        1.00000000
    711        3.81613479        0.00537484        1.00000000
    712        3.82150963        0.00537484        1.00000000
    713        3.82688446        0.00537484        1.00000000
    714        3.83225930        0.00537484        1.00000000
    715        3.83763414        0.00537484        1.00000000
    716        3.84300898        0.00537484        1.00000000
    717        3.84838382        0.00537484        1.00000000
    718        3.85375865        0.00537484        1.00000000
    719        3.85913349        0.00537484        1.00000000
    720        3.86450833        0.00537484        1.00000000
    721        3.86988317        0.00537484        1.00000000
    722        3.87525800        0.00537484        1.00000000
    723        3.88063284        0.00537484        1.00000000
    724        3.88600768        0.00537484        1.00000000
    725        3.89138252        0.00537484        1.00000000
    726        3.89675735        0.00537484        1.00000000
    727        3.90213219        0.00537484        1.00000000
    728        3.90750703        0.00537484        1.00000000
    729        3.91288187        0.00537484        1.00000000
    730        3.91825671        0.00537484        1.00000000
    731        3.92363154        0.00537484        1.00000000
    732        3.92900638        0.00537484        1.00000000
    733        3.93438122        0.00537484        1.00000000
    734        3.93975606        0.00537484        1.00000000
    735        3.94513089        0.00537484        1.00000000
    736        3.95050573        0.00537484        1.00000000
    737        3.95588057        0.00537484        1.00000000
    738        3.96125541        0.00537484        1.00000000
    739        3.96663025        0.00537484        1.00000000
    740        3.97200508        0.00537484        1.00000000
    741        3.97737992        0.00537484        1.00000000
    742        3.98275476        0.00537484        1.00000000
    743        3.98812960        0.00537484        1.00000000
    744        3.99350443        0.00537484        1.00000000
    745        3.99887927        0.00537484        1.00000000
    746        4.00425411        0.00537484        1.00000000
    747        4.00962895        0.00537484        1.00000000
    748        4.01500378        0.00537484        1.00000000
    749        4.02037862        0.00537484        1.00000000
    750        4.02575346        0.00537484        1.00000000
    751        4.03112830        0.00537484        1.00000000
    752        4.03650314        0.00537484        1.00000000
    753        4.04187797        0.00537484        1.00000000
    754        4.04725281        0.00537484        1.00000000
    755        4.05262765        0.00537484        1.00000000
    756        4.05800249        0.00537484        1.00000000
    757        4.06337732        0.00537484        1.00000000
    758        4.06875216        0.00537484        1.00000000
    759        4.07412700        0.00537484        1.00000000
    760        4.07950184        0.00537484        1.00000000
    761        4.08487668        0.00537484        1.00000000
    762        4.09025151        0.00537484        1.00000000
    763        4.09562635        0.00537484        1.00000000
    764        4.10100119        0.00537484        1.00000000
    765        4.10637603        0.00537484        1.00000000
    766        4.11175086        0.00537484        1.00000000
    767        4.11712570        0.00537484        1.00000000
    768        4.12250054        0.00537484        1.00000000
    769        4.12787538        0.00537484        1.00000000
    770        4.13325021        0.00537484        1.00000000
    771        4.13862505        0.00537484        1.00000000
    772        4.14399989        0.00537484        1.00000000
    773        4.14937473        0.00537484        1.00000000
    774        4.15474957        0.00537484        1.00000000
    775        4.16012440        0.00537484        1.00000000
    776        4.16549924        0.00537484        1.00000000
    777        4.17087408        0.00537484        1.00000000
    778        4.17624892        0.00537484        1.00000000
    779        4.18162375        0.00537484        1.00000000
    780        4.18699859        0.00537484        1.00000000
    781        4.19237343        0.00537484        1.00000000
    782        4.19774827        0.00537484        1.00000000
    783        4.20312311        0.00537484        1.00000000
    784        4.20849794        0.00537484        1.00000000
    785        4.21387278        0.00537484        1.00000000
    786        4.21924762        0.00537484        1.00000000
    787        4.22462246        0.00537484        1.00000000
    788        4.22999729        0.00537484        1.00000000
    789        4.23537213        0.00537484        1.00000000
    790        4.24074697        0.00537484        1.00000000
    791        4.24612181        0.00537484        1.00000000
    792        4.25149664        0.00537484        1.00000000
    793        4.25687148        0.00537484        1.00000000
    794        4.26224632        0.00537484        1.00000000
    795        4.26762116        0.00537484        1.00000000
    796        4.27299600        0.00537484        1.00000000
    797        4.27837083        0.00537484        1.00000000
    798        4.28374567        0.00537484        1.00000000
    799        4.28912051        0.00537484        1.00000000
    800        4.29449535        0.00537484        1.00000000
    801        4.29987018        0.00537484        1.00000000
    802        4.30524502        0.00537484        1.00000000
    803        4.31061986        0.00537484        1.00000000
    804        4.31599470        0.00537484        1.00000000
    805        4.32136954        0.00537484        1.00000000
    806        4.32674437        0.00537484        1.00000000
    807        4.33211921        0.00537484        1.00000000
    808        4.33749405        0.00537484        1.00000000
    809        4.34286889        0.00537484        1.00000000
    810        4.34824372        0.00537484        1.00000000
    811        4.35361856        0.00537484        1.00000000
    812        4.35899340        0.00537484        1.00000000
    813        4.36436824        0.00537484        1.00000000
    814        4.36974308        0.00537484        1.00000000
    815        4.37511791        0.00537484        1.00000000
    816        4.38049275        0.00537484        1.00000000
    817        4.38586759        0.00537484        1.00000000
    818        4.39124243        0.00537484        1.00000000
    819        4.39661726        0.00537484        1.00000000
    820        4.40199210        0.00537484        1.00000000
    821        4.40736694        0.00537484        1.00000000
    822        4.41274178        0.00537484        1.00000000
    823        4.41811661        0.00537484        1.00000000
    824        4.42349145        0.00537484        1.00000000
    825        4.42886629        0.00537484        1.00000000
    826        4.43424113        0.00537484        1.00000000
    827        4.43961597        0.00537484        1.00000000
    828        4.44499080        0.00537484        1.00000000
    829        4.45036564        0.00537484        1.00000000
    830        4.45574048        0.00537484        1.00000000
    831        4.46111532        0.00537484        1.00000000
    832        4.46649015        0.00537484        1.00000000
    833        4.47186499        0.00537484        1.00000000
    834        4.47723983        0.00537484        1.00000000
    835        4.48261467        0.00537484        1.00000000
    836        4.48798951        0.00537484        1.00000000
    837        4.49336434        0.00537484        1.00000000
    838        4.49873918        0.00537484        1.00000000
    839        4.50411402        0.00537484        1.00000000
    840        4.50948886        0.00537484        1.00000000
    841        4.51486369        0.00537484        1.00000000
    842        4.52023853        0.00537484        1.00000000
    843        4.52561337        0.00537484        1.00000000
    844        4.53098821        0.00537484        1.00000000
    845        4.53636304        0.00537484        1.00000000
    846        4.54173788        0.00537484        1.00000000
    847        4.54711272        0.00537484        1.00000000
    848        4.55248756        0.00537484        1.00000000
    849        4.55786240        0.00537484        1.00000000
    850        4.56323723        0.00537484        1.00000000
    851        4.56861207        0.00537484        1.00000000
    852        4.57398691        0.00537484        1.00000000
    853        4.57936175        0.00537484        1.00000000
    854        4.58473658        0.00537484        1.00000000
    855        4.59011142        0.00537484        1.00000000
    856        4.59548626        0.00537484        1.00000000
    857        4.60086110        0.00537484        1.00000000
    858        4.60623594        0.00537484        1.00000000
    859        4.61161077        0.00537484        1.00000000
    860        4.61698561        0.00537484        1.00000000
    861        4.62236045        0.00537484        1.00000000
    862        4.62773529        0.00537484        1.00000000
    863        4.63311012        0.00537484        1.00000000
    864        4.63848496        0.00537484        1.00000000
    865        4.64385980        0.00537484        1.00000000
    866        4.64923464        0.00537484        1.00000000
    867        4.65460947        0.00537484        1.00000000
    868        4.65998431        0.00537484        1.00000000
    869        4.66535915        0.00537484        1.00000000
    870        4.67073399        0.00537484        1.00000000
    871        4.67610883        0.00537484        1.00000000
    872        4.68148366        0.00537484        1.00000000
    873        4.68685850        0.00537484        1.00000000
    874        4.69223334        0.00537484        1.00000000
    875        4.69760818        0.00537484        1.00000000
    876        4.70298301        0.00537484        1.00000000
    877        4.70835785        0.00537484        1.00000000
    878        4.71373269        0.00537484        1.00000000
    879        4.71910753        0.00537484        1.00000000
    880        4.72448237        0.00537484        1.00000000
    881        4.72985720        0.00537484        1.00000000
    882        4.73523204        0.00537484        1.00000000
    883        4.74060688        0.00537484        1.00000000
    884        4.74598172        0.00537484        1.00000000
    885        4.75135655        0.00537484        1.00000000
    886        4.75673139        0.00537484        1.00000000
    887        4.76210623        0.00537484        1.00000000
    888        4.76748107        0.00537484        1.00000000
    889        4.77285590        0.00537484        1.00000000
    890        4.77823074        0.00537484        1.00000000
    891        4.78360558        0.00537484        1.00000000
    892        4.78898042        0.00537484        1.00000000
    893        4.79435526        0.00537484        1.00000000
    894        4.79973009        0.00537484        1.00000000
    895        4.80510493        0.00537484        1.00000000
    896        4.81047977        0.00537484        1.00000000
    897        4.81585461        0.00537484        1.00000000
    898        4.82122944        0.00537484        1.00000000
    899        4.82660428        0.00537484        1.00000000
    900        4.83197912        0.00537484        1.00000000
    901        4.83735396        0.00537484        1.00000000
    902        4.84272880        0.00537484        1.00000000
    903        4.84810363        0.00537484        1.00000000
    904        4.85347847        0.00537484        1.00000000
    905        4.85885331        0.00537484        1.00000000
    906        4.86422815        0.00537484        1.00000000
    907        4.86960298        0.00537484        1.00000000
    908        4.87497782        0.00537484        1.00000000
    909        4.88035266        0.00537484        1.00000000
    910        4.88572750        0.00537484        1.00000000
    911        4.89110233        0.00537484        1.00000000
    912        4.89647717        0.00537484        1.00000000
    913        4.90185201        0.00537484        1.00000000
    914        4.90722685        0.00537484        1.00000000
    915        4.91260169        0.00537484        1.00000000
    916        4.91797652        0.00537484        1.00000000
    917        4.92335136        0.00537484        1.00000000
    918        4.92872620        0.00537484        1.00000000
    919        4.93410104        0.00537484        1.00000000
    920        4.93947587        0.00537484        1.00000000
    921        4.94485071        0.00537484        1.00000000
    922        4.95022555        0.00537484        1.00000000
    923        4.95560039        0.00537484        1.00000000
    924        4.96097523        0.00537484        1.00000000
    925        4.96635006        0.00537484        1.00000000
    926        4.97172490        0.00537484        1.00000000
    927        4.97709974        0.00537484        1.00000000
    928        4.98247458        0.00537484        1.00000000
    929        4.98784941        0.00537484        1.00000000
    930        4.99322425        0.00537484        1.00000000
    931        4.99859909        0.00537484        1.00000000
    932        5.00397393        0.00537484        1.00000000
    933        5.00934877        0.00537484        1.00000000
    934        5.01472360        0.00537484        1.00000000
    935        5.02009844        0.00537484        1.00000000
    936        5.02547328        0.00537484        1.00000000
    937        5.03084812        0.00537484        1.00000000
    938        5.03622295        0.00537484        1.00000000
    939        5.04159779        0.00537484        1.00000000
    940        5.04697263        0.00537484        1.00000000
    941        5.05234747        0.00537484        1.00000000
    942        5.05772230        0.00537484        1.00000000
    943        5.06309714        0.00537484        1.00000000
    944        5.06847198        0.00537484        1.00000000
    945        5.07384682        0.00537484        1.00000000
    946        5.07922166        0.00537484        1.00000000
    947        5.08459649        0.00537484        1.00000000
    948        5.08997133        0.00537484        1.00000000
    949        5.09534617        0.00537484        1.00000000
    950        5.10072101        0.00537484        1.00000000
    951        5.10609584        0.00537484        1.00000000
    952        5.11147068        0.00537484        1.00000000
    953        5.11684552        0.00537484        1.00000000
    954        5.12222036        0.00537484        1.00000000
    955        5.12759520        0.00537484        1.00000000
    956        5.13297003        0.00537484        1.00000000
    957        5.13834487        0.00537484        1.00000000
    958        5.14371971        0.00537484        1.00000000
    959        5.14909455        0.00537484        1.00000000
    960        5.15446938        0.00537484        1.00000000
    961        5.15984422        0.00537484        1.00000000
    962        5.16521906        0.00537484        1.00000000
    963        5.17059390        0.00537484        1.00000000
    964        5.17596873        0.00537484        1.00000000
    965        5.18134357        0.00537484        1.00000000
    966        5.18671841        0.00537484        1.00000000
    967        5.19209325        0.00537484        1.00000000
    968        5.19746809        0.00537484        1.00000000
    969        5.20284292        0.00537484        1.00000000
    970        5.20821776        0.00537484        1.00000000
    971        5.21359260        0.00537484        1.00000000
    972        5.21896744        0.00537484        1.00000000
    973        5.22434227        0.00537484        1.00000000
    974        5.22971711        0.00537484        1.00000000
    975        5.23509195        0.00537484        1.00000000
    976        5.24046679        0.00537484        1.00000000
    977        5.24584163        0.00537484        1.00000000
    978        5.25121646        0.00537484        1.00000000
    979        5.25659130        0.00537484        1.00000000
    980        5.26196614        0.00537484        1.00000000
    981        5.26734098        0.00537484        1.00000000
    982        5.27271581        0.00537484        1.00000000
    983        5.27809065        0.00537484        1.00000000
    984        5.28346549        0.00537484        1.00000000
    985        5.28884033        0.00537484        1.00000000
    986        5.29421516        0.00537484        1.00000000
    987        5.29959000        0.00537484        1.00000000
    988        5.30496484        0.00537484        1.00000000
    989        5.31033968        0.00537484        1.00000000
    990        5.31571452        0.00537484        1.00000000
    991        5.32108935        0.00537484        1.00000000
    992        5.32646419        0.00537484        1.00000000
    993        5.33183903        0.00537484        1.00000000
    994        5.33721387        0.00537484        1.00000000
    995        5.34258870        0.00537484        1.00000000
    996        5.34796354        0.00537484        1.00000000
    997        5.35333838        0.00537484        1.00000000
    998        5.35871322        0.00537484        1.00000000
    999        5.36408806        0.00537484        1.00000000
   1000        5.36946289        0.00537484        1.00000000
   1001        5.37483773        0.00537484        1.00000000
   1002        5.38021257        0.00537484        1.00000000
   1003        5.38558741        0.00537484        1.00000000
   1004        5.39096224        0.00537484        1.00000000
   1005        5.39633708        0.00537484        1.00000000
   1006        5.40171192        0.00537484        1.00000000
   1007        5.40708676        0.00537484        1.00000000
   1008        5.41246159        0.00537484        1.00000000
   1009        5.41783643        0.00537484        1.00000000
   1010        5.42321127        0.00537484        1.00000000
   1011        5.42858611        0.00537484        1.00000000
   1012        5.43396095        0.00537484        1.00000000
   1013        5.43933578        0.00537484        1.00000000
   1014        5.44471062        0.00537484        1.00000000
   1015        5.45008546        0.00537484        1.00000000
   1016        5.45546030        0.00537484        1.00000000
   1017        5.46083513        0.00537484        1.00000000
   1018        5.46620997        0.00537484        1.00000000
   1019        5.47158481        0.00537484        1.00000000
   1020        5.47695965        0.00537484        1.00000000
   1021        5.48233449        0.00537484        1.00000000
   1022        5.48770932        0.00537484        1.00000000
   1023        5.49308416        0.00537484        1.00000000
   1024        5.49845900        0.00537484        1.00000000
   1025        5.50383384        0.00537484        1.00000000
   1026        5.50920867        0.00537484        1.00000000
   1027        5.51458351        0.00537484        1.00000000
   1028        5.51995835        0.00537484        1.00000000
   1029        5.52533319        0.00537484        1.00000000
   1030        5.53070802        0.00537484        1.00000000
   1031        5.53608286        0.00537484        1.00000000
   1032        5.54145770        0.00537484        1.00000000
   1033        5.54683254        0.00537484        1.00000000
   1034        5.55220738        0.00537484        1.00000000
   1035        5.55758221        0.00537484        1.00000000
   1036        5.56295705        0.00537484        1.00000000
   1037        5.56833189        0.00537484        1.00000000
   1038        5.57370673        0.00537484        1.00000000
   1039        5.57908156        0.00537484        1.00000000
   1040        5.58445640        0.00537484        1.00000000
   1041        5.58983124        0.00537484        1.00000000
   1042        5.59520608        0.00537484        1.00000000
   1043        5.60058092        0.00537484        1.00000000
   1044        5.60595575        0.00537484        1.00000000
   1045        5.61133059        0.00537484        1.00000000
   1046        5.61670543        0.00537484        1.00000000
   1047        5.62208027        0.00537484        1.00000000
   1048        5.62745510        0.00537484        1.00000000
   1049        5.63282994        0.00537484        1.00000000
   1050        5.63820478        0.00537484        1.00000000
   1051        5.64357962        0.00537484        1.00000000
   1052        5.64895445        0.00537484        1.00000000
   1053        5.65432929        0.00537484        1.00000000
   1054        5.65970413        0.00537484        1.00000000
   1055        5.66507897        0.00537484        1.00000000
   1056        5.67045381        0.00537484        1.00000000
   1057        5.67582864        0.00537484        1.00000000
   1058        5.68120348        0.00537484        1.00000000
   1059        5.68657832        0.00537484        1.00000000
   1060        5.69195316        0.00537484        1.00000000
   1061        5.69732799        0.00537484        1.00000000
   1062        5.70270283        0.00537484        1.00000000
   1063        5.70807767        0.00537484        1.00000000
   1064        5.71345251        0.00537484        1.00000000
   1065        5.71882735        0.00537484        1.00000000
   1066        5.72420218        0.00537484        1.00000000
   1067        5.72957702        0.00537484        1.00000000
   1068        5.73495186        0.00537484        1.00000000
   1069        5.74032670        0.00537484        1.00000000
   1070        5.74570153        0.00537484        1.00000000
   1071        5.75107637        0.00537484        1.00000000
   1072        5.75645121        0.00537484        1.00000000
   1073        5.76182605        0.00537484        1.00000000
   1074        5.76720089        0.00537484        1.00000000
   1075        5.77257572        0.00537484        1.00000000
   1076        5.77795056        0.00537484        1.00000000
   1077        5.78332540        0.00537484        1.00000000
   1078        5.78870024        0.00537484        1.00000000
   1079        5.79407507        0.00537484        1.00000000
   1080        5.79944991        0.00537484        1.00000000
   1081        5.80482475        0.00537484        1.00000000
   1082        5.81019959        0.00537484        1.00000000
   1083        5.81557442        0.00537484        1.00000000
   1084        5.82094926        0.00537484        1.00000000
   1085        5.82632410        0.00537484        1.00000000
   1086        5.83169894        0.00537484        1.00000000
   1087        5.83707378        0.00537484        1.00000000
   1088        5.84244861        0.00537484        1.00000000
   1089        5.84782345        0.00537484        1.00000000
   1090        5.85319829        0.00537484        1.00000000
   1091        5.85857313        0.00537484        1.00000000
   1092        5.86394796        0.00537484        1.00000000
   1093        5.86932280        0.00537484        1.00000000
   1094        5.87469764        0.00537484        1.00000000
   1095        5.88007248        0.00537484        1.00000000
   1096        5.88544732        0.00537484        1.00000000
   1097        5.89082215        0.00537484        1.00000000
   1098        5.89619699        0.00537484        1.00000000
   1099        5.90157183        0.00537484        1.00000000
   1100        5.90694667        0.00537484        1.00000000
   1101        5.91232150        0.00537484        1.00000000
   1102        5.91769634        0.00537484        1.00000000
   1103        5.92307118        0.00537484        1.00000000
   1104        5.92844602        0.00537484        1.00000000
   1105        5.93382085        0.00537484        1.00000000
   1106        5.93919569        0.00537484        1.00000000
   1107        5.94457053        0.00537484        1.00000000
   1108        5.94994537        0.00537484        1.00000000
   1109        5.95532021        0.00537484        1.00000000
   1110        5.96069504        0.00537484        1.00000000
   1111        5.96606988        0.00537484        1.00000000
   1112        5.97144472        0.00537484        1.00000000
   1113        5.97681956        0.00537484        1.00000000
   1114        5.98219439        0.00537484        1.00000000
   1115        5.98756923        0.00537484        1.00000000
   1116        5.99294407        0.00537484        1.00000000
   1117        5.99831891        0.00537484        1.00000000
   1118        6.00369375        0.00537484        1.00000000
   1119        6.00906858        0.00537484        1.00000000
   1120        6.01444342        0.00537484        1.00000000
   1121        6.01981826        0.00537484        1.00000000
   1122        6.02519310        0.00537484        1.00000000
   1123        6.03056793        0.00537484        1.00000000
   1124        6.03594277        0.00537484        1.00000000
   1125        6.04131761        0.00537484        1.00000000
   1126        6.04669245        0.00537484        1.00000000
   1127        6.05206728        0.00537484        1.00000000
   1128        6.05744212        0.00537484        1.00000000
   1129        6.06281696        0.00537484        1.00000000
   1130        6.06819180        0.00537484        1.00000000
   1131        6.07356664        0.00537484        1.00000000
   1132        6.07894147        0.00537484        1.00000000
   1133        6.08431631        0.00537484        1.00000000
   1134        6.08969115        0.00537484        1.00000000
   1135        6.09506599        0.00537484        1.00000000
   1136        6.10044082        0.00537484        1.00000000
   1137        6.10581566        0.00537484        1.00000000
   1138        6.11119050        0.00537484        1.00000000
   1139        6.11656534        0.00537484        1.00000000
   1140        6.12194018        0.00537484        1.00000000
   1141        6.12731501        0.00537484        1.00000000
   1142        6.13268985        0.00537484        1.00000000
   1143        6.13806469        0.00537484        1.00000000
   1144        6.14343953        0.00537484        1.00000000
   1145        6.14881436        0.00537484        1.00000000
   1146        6.15418920        0.00537484        1.00000000
   1147        6.15956404        0.00537484        1.00000000
   1148        6.16493888        0.00537484        1.00000000
   1149        6.17031371        0.00537484        1.00000000
   1150        6.17568855        0.00537484        1.00000000
   1151        6.18106339        0.00537484        1.00000000
   1152        6.18643823        0.00537484        1.00000000
   1153        6.19181307        0.00537484        1.00000000
   1154        6.19718790        0.00537484        1.00000000
   1155        6.20256274        0.00537484        1.00000000
   1156        6.20793758        0.00537484        1.00000000
   1157        6.21331242        0.00537484        1.00000000
   1158        6.21868725        0.00537484        1.00000000
   1159        6.22406209        0.00537484        1.00000000
   1160        6.22943693        0.00537484        1.00000000
   1161        6.23481177        0.00537484        1.00000000
   1162        6.24018661        0.00537484        1.00000000
   1163        6.24556144        0.00537484        1.00000000
   1164        6.25093628        0.00537484        1.00000000
   1165        6.25631112        0.00537484        1.00000000
   1166        6.26168596        0.00537484        1.00000000
   1167        6.26706079        0.00537484        1.00000000
   1168        6.27243563        0.00537484        1.00000000
   1169        6.27781047        0.00537484        1.00000000
   1170        6.28318531        0.00537484        1.00000000

 Total number of MPI ranks =            4

 Number of MPI ranks in r =            1
 Number of MPI ranks in t =            1
 Number of MPI ranks in p =            4

 Global mesh dimension in r =          173
 Global mesh dimension in t =          361
 Global mesh dimension in p =         1171

 Average # of r mesh pts per rank =  173.0
 Average # of t mesh pts per rank =  361.0
 Average # of p mesh pts per rank =  292.8

 Estimated load imbalance =   0.34 %

 ### COMMENT from POT3D:
 ### Starting PCG solve.

 ### Convergence information:
 Iteration:        0   Residual:   1.000000000000000E+00
 Iteration:      100   Residual:   7.880816330012769E-02
 Iteration:      200   Residual:   2.625486383209732E-02
 Iteration:      300   Residual:   1.384459500059826E-02
 Iteration:      400   Residual:   8.234965132611833E-03
 Iteration:      500   Residual:   4.190287792644016E-03
 Iteration:      600   Residual:   2.472026045839108E-03
 Iteration:      700   Residual:   1.707811483727846E-03
 Iteration:      800   Residual:   1.620414073681537E-03
 Iteration:      900   Residual:   1.403292671074734E-03
 Iteration:     1000   Residual:   1.533074044874112E-03
 Iteration:     1100   Residual:   1.768210278403848E-03
 Iteration:     1200   Residual:   1.789173039552110E-03
 Iteration:     1300   Residual:   1.681039622725692E-03
 Iteration:     1400   Residual:   1.265061229327556E-03
 Iteration:     1500   Residual:   1.129639569196919E-03
 Iteration:     1600   Residual:   7.548063048899171E-04
 Iteration:     1700   Residual:   7.126244267072821E-04
 Iteration:     1800   Residual:   4.230629671546030E-04
 Iteration:     1900   Residual:   4.190227851936127E-04
 Iteration:     2000   Residual:   3.543846475105551E-04
 Iteration:     2100   Residual:   4.571974057320007E-04
 Iteration:     2200   Residual:   3.422852698247807E-04
 Iteration:     2300   Residual:   2.631819604950280E-04
 Iteration:     2400   Residual:   3.032372983081399E-04
 Iteration:     2500   Residual:   3.004762759141036E-04
 Iteration:     2600   Residual:   2.569272794405351E-04
 Iteration:     2700   Residual:   1.611045996213326E-04
 Iteration:     2800   Residual:   1.429006019323225E-04
 Iteration:     2900   Residual:   1.395094157780518E-04
 Iteration:     3000   Residual:   1.045895960557176E-04
 Iteration:     3100   Residual:   8.734511973466357E-05
 Iteration:     3200   Residual:   8.172838052641099E-05
 Iteration:     3300   Residual:   8.024955476129151E-05
 Iteration:     3400   Residual:   8.555276159965331E-05
 Iteration:     3500   Residual:   7.154583687404385E-05
 Iteration:     3600   Residual:   5.570865927516346E-05
 Iteration:     3700   Residual:   3.538989203182990E-05
 Iteration:     3800   Residual:   3.210528872257971E-05
 Iteration:     3900   Residual:   2.926460655618534E-05
 Iteration:     4000   Residual:   2.446024863868745E-05
 Iteration:     4100   Residual:   2.335557242439643E-05
 Iteration:     4200   Residual:   2.544745490978666E-05
 Iteration:     4300   Residual:   2.402607561520580E-05
 Iteration:     4400   Residual:   1.435692666182625E-05
 Iteration:     4500   Residual:   8.831359554770722E-06
 Iteration:     4600   Residual:   8.643896544100537E-06
 Iteration:     4700   Residual:   7.833947054344641E-06
 Iteration:     4800   Residual:   8.128563985758319E-06
 Iteration:     4900   Residual:   7.095105727361789E-06
 Iteration:     5000   Residual:   6.426993352880870E-06
 Iteration:     5100   Residual:   4.953936066555779E-06
 Iteration:     5200   Residual:   3.425804912940038E-06
 Iteration:     5300   Residual:   2.765401777845965E-06
 Iteration:     5400   Residual:   2.214148083813039E-06
 Iteration:     5500   Residual:   2.094227587661705E-06
 Iteration:     5600   Residual:   2.308183147204570E-06
 Iteration:     5700   Residual:   1.892710243532938E-06
 Iteration:     5800   Residual:   1.415973021925562E-06
 Iteration:     5900   Residual:   1.250756229094830E-06
 Iteration:     6000   Residual:   8.699932965991471E-07
 Iteration:     6100   Residual:   6.419252829906296E-07
 Iteration:     6200   Residual:   6.171113891964319E-07
 Iteration:     6300   Residual:   6.238800473558540E-07
 Iteration:     6400   Residual:   5.839222430830306E-07
 Iteration:     6500   Residual:   3.826247091687412E-07
 Iteration:     6600   Residual:   3.116897706005720E-07
 Iteration:     6700   Residual:   2.424674051839428E-07
 Iteration:     6800   Residual:   2.269959242710852E-07
 Iteration:     6900   Residual:   2.002866303880283E-07
 Iteration:     7000   Residual:   1.672486725409887E-07
 Iteration:     7100   Residual:   1.553071175035159E-07
 Iteration:     7200   Residual:   1.076379710484184E-07
 Iteration:     7300   Residual:   9.038051100561294E-08
 Iteration:     7400   Residual:   7.587567263276110E-08
 Iteration:     7500   Residual:   7.099298014536192E-08
 Iteration:     7600   Residual:   5.326097934938283E-08
 Iteration:     7700   Residual:   4.913598683867928E-08
 Iteration:     7800   Residual:   4.786922544397566E-08
 Iteration:     7900   Residual:   2.944090682903046E-08
 Iteration:     8000   Residual:   3.166964645796259E-08
 Iteration:     8100   Residual:   2.274319917031464E-08
 Iteration:     8200   Residual:   1.948645964701557E-08
 Iteration:     8300   Residual:   2.116916782027708E-08
 Iteration:     8400   Residual:   1.802224554381148E-08
 Iteration:     8500   Residual:   1.658110265692804E-08
 Iteration:     8600   Residual:   1.210599712250283E-08
 Iteration:     8700   Residual:   1.026246409946908E-08
 Iteration:     8800   Residual:   9.861655697366270E-09
 Iteration:     8900   Residual:   1.054468320786255E-08
 Iteration:     9000   Residual:   1.058767676781042E-08
 Iteration:     9100   Residual:   8.216509008042587E-09
 Iteration:     9200   Residual:   6.598795997817839E-09
 Iteration:     9300   Residual:   6.556132433491915E-09
 Iteration:     9400   Residual:   5.624907925016856E-09
 Iteration:     9500   Residual:   5.512932792544626E-09
 Iteration:     9600   Residual:   5.715421708978785E-09
 Iteration:     9700   Residual:   4.141705289506463E-09
 Iteration:     9800   Residual:   3.004173852461375E-09
 Iteration:     9900   Residual:   2.581901964908622E-09
 Iteration:    10000   Residual:   2.837936398740212E-09
 Iteration:    10100   Residual:   2.512387779259289E-09
 Iteration:    10200   Residual:   2.080384951245691E-09
 Iteration:    10300   Residual:   1.424051246937132E-09
 Iteration:    10400   Residual:   1.078848965612260E-09
 Iteration:    10500   Residual:   1.042011618533300E-09
 Iteration:    10600   Residual:   7.892899255957043E-10
 Iteration:    10700   Residual:   7.413489241931719E-10
 Iteration:    10800   Residual:   7.545041314355288E-10
 Iteration:    10900   Residual:   5.040586570879260E-10
 Iteration:    11000   Residual:   2.970937370046584E-10
 Iteration:    11100   Residual:   3.013976568526852E-10
 Iteration:    11200   Residual:   2.824815619557425E-10
 Iteration:    11300   Residual:   2.057409121592820E-10
 Iteration:    11400   Residual:   1.862335975085574E-10
 Iteration:    11500   Residual:   1.347199357446481E-10
 Iteration:    11600   Residual:   9.688612446716033E-11
 Iteration:    11700   Residual:   1.067624346067470E-10
 Iteration:    11800   Residual:   8.744467519511648E-11
 Iteration:    11900   Residual:   6.728529076152799E-11
 Iteration:    12000   Residual:   4.910734757126162E-11
 Iteration:    12100   Residual:   3.575223132304151E-11
 Iteration:    12200   Residual:   3.328952415599248E-11
 Iteration:    12300   Residual:   2.767780386831575E-11
 Iteration:    12400   Residual:   2.375853746607374E-11
 Iteration:    12500   Residual:   1.887604711176973E-11
 Iteration:    12600   Residual:   1.271485714926222E-11
 Iteration:    12700   Residual:   1.123100129398726E-11
 Iteration:    12800   Residual:   9.911428355989747E-12
 Iteration:    12900   Residual:   8.324639505040598E-12
 Iteration:    13000   Residual:   6.480938342881528E-12
 Iteration:    13100   Residual:   4.954460620042269E-12
 Iteration:    13200   Residual:   3.739075794861428E-12
 Iteration:    13300   Residual:   3.299254609120728E-12
 Iteration:    13400   Residual:   2.581566944632767E-12
 Iteration:    13500   Residual:   2.401426077422937E-12
 Iteration:    13600   Residual:   1.981488214816005E-12
 Iteration:    13700   Residual:   1.542052223371204E-12

 ### The CG solver has converged.
 Iteration:    13799   Residual:   9.980334314996818E-13

 ### COMMENT from SOLVE:
 ### The field solver converged.
 Number of iterations =        13799

 ### COMMENT from GETB:
 ### Magnetic energy diagnostic:

Energy in Br**2 = 5.98186158E+01
Energy in Bt**2 = 2.19454290E+01
Energy in Bp**2 = 3.27180068E+01
Magnetic energy = 1.14482052E+02
